callerNo,callerId,calleeNo,calleeId,date,duration
641 993 1889,135700,112 326 4108,101800,"""2022-10-11T10:40:29""",11
619 379 8869,124700,452 706 2113,140900,"""2022-10-09T18:24:32""",561
765 498 5969,142900,508 138 5102,113300,"""2022-10-08T21:39:27""",521
912 151 6417,153200,508 138 5102,113300,"""2022-10-08T21:08:14""",509
981 723 2702,114300,990 601 9335,149200,"""2022-10-11T19:59:28""",17
371 938 3078,139700,975 987 2288,153600,"""2022-10-09T19:33:13""",99
412 852 0201,139000,673 928 8615,112900,"""2022-10-09T12:14:49""",18
994 450 8739,991,244 180 1166,1022,"""2022-10-09T07:34:27""",956
458 668 1366,156200,367 943 9511,145400,"""2022-10-10T05:54:40""",40
755 616 2116,153700,340 526 1169,992,"""2022-10-09T06:49:59""",669
427 486 7299,100600,894 745 5793,140300,"""2022-10-09T19:52:10""",1875
626 809 3107,143700,180 656 1198,116500,"""2022-10-09T07:38:52""",31
115 759 6402,134700,981 723 2702,114300,"""2022-10-10T04:52:49""",8604
628 988 7034,134200,674 696 3001,139200,"""2022-10-08T21:02:22""",94
203 691 2424,155300,907 420 5950,151900,"""2022-10-11T17:28:04""",28
768 834 3951,130600,912 151 6417,153200,"""2022-10-10T20:31:26""",60
628 988 7034,134200,508 892 0776,134800,"""2022-10-10T17:49:48""",1330
674 696 3001,139200,947 157 7423,68700,"""2022-10-10T10:46:09""",7093
730 911 5118,113200,484 992 2742,131400,"""2022-10-10T09:07:12""",395
587 209 7330,136000,613 187 9527,145100,"""2022-10-09T22:58:32""",163
225 845 6876,107400,112 326 4108,101800,"""2022-10-11T10:11:52""",141
337 317 0612,106900,371 406 6943,155900,"""2022-10-09T09:34:12""",254
515 658 6994,104200,743 896 2134,122000,"""2022-10-11T08:51:31""",963
605 983 4987,144900,487 482 0182,121800,"""2022-10-09T09:48:03""",8990
819 561 3254,99600,689 657 2623,158100,"""2022-10-09T04:47:58""",82
427 486 7299,100600,515 658 6994,104200,"""2022-10-09T02:11:59""",254
922 378 2113,145200,341 754 4951,126100,"""2022-10-09T19:20:09""",3751
492 462 0370,53900,367 943 9511,145400,"""2022-10-10T05:14:47""",53
467 815 3501,135100,432 859 7868,111400,"""2022-10-11T06:12:06""",438
799 140 7507,59800,235 486 6657,121500,"""2022-10-11T00:34:43""",2772
852 479 0214,145300,258 162 0667,147800,"""2022-10-11T01:50:36""",6635
645 950 3493,110900,333 117 2894,100400,"""2022-10-10T08:27:50""",24
432 859 7868,111400,141 923 5324,144700,"""2022-10-09T22:32:47""",8477
499 924 6835,142300,328 146 4913,145500,"""2022-10-10T18:56:53""",3038
628 443 0062,103500,371 406 6943,155900,"""2022-10-11T18:46:54""",4945
393 804 1609,112700,912 582 4967,114900,"""2022-10-09T13:44:36""",847
328 647 4259,152700,912 582 4967,114900,"""2022-10-11T16:11:24""",18
341 275 6664,108700,487 482 0182,121800,"""2022-10-09T23:41:38""",12
432 859 7868,111400,410 975 3311,112300,"""2022-10-11T06:46:20""",477
944 763 9900,147500,994 450 8739,991,"""2022-10-11T12:36:15""",525
830 472 6612,148300,599 216 8056,136400,"""2022-10-10T08:17:16""",39
959 687 5723,138400,339 298 2103,144000,"""2022-10-08T23:23:08""",38
975 987 2288,153600,674 696 3001,139200,"""2022-10-09T00:02:54""",1337
769 424 5667,127900,829 765 4110,139100,"""2022-10-10T15:53:27""",43
410 972 4543,117600,371 938 3078,139700,"""2022-10-10T18:13:55""",32
341 754 4951,126100,478 392 7314,146600,"""2022-10-10T08:31:06""",135
912 582 4967,114900,429 696 1063,107800,"""2022-10-08T23:39:44""",3572
508 892 0776,134800,761 907 5384,153400,"""2022-10-09T07:04:52""",59
472 256 1898,114800,231 375 3254,103400,"""2022-10-09T19:22:31""",842
948 817 1771,154000,846 377 2854,142100,"""2022-10-10T01:13:43""",9487
586 738 8946,133500,454 663 4856,158500,"""2022-10-11T01:57:06""",39
670 943 9357,54600,616 848 4843,142200,"""2022-10-10T03:57:58""",378
586 738 8946,133500,903 331 6972,122900,"""2022-10-09T19:13:17""",410
454 663 4856,158500,707 591 0139,141900,"""2022-10-11T15:19:01""",79
990 601 9335,149200,686 504 9915,140200,"""2022-10-10T07:46:57""",167
535 236 2125,152500,452 706 2113,140900,"""2022-10-10T01:23:20""",815
799 140 7507,59800,673 928 8615,112900,"""2022-10-10T05:34:55""",72
922 378 2113,145200,846 377 2854,142100,"""2022-10-10T02:12:04""",80
819 561 3254,99600,678 219 3311,156000,"""2022-10-11T11:43:32""",33
508 138 5102,113300,453 872 3223,115000,"""2022-10-11T09:44:44""",124
983 527 1315,107700,340 502 4551,144800,"""2022-10-10T03:44:54""",377
779 291 4846,148400,819 561 3254,99600,"""2022-10-09T19:18:32""",400
420 167 9949,990,145 537 4786,137200,"""2022-10-10T18:23:36""",5051
819 561 3254,99600,472 256 1898,114800,"""2022-10-10T11:30:16""",16
799 140 7507,59800,351 549 1664,122100,"""2022-10-11T06:33:06""",6171
429 696 1063,107800,928 632 0245,117900,"""2022-10-11T02:30:34""",6257
137 425 7638,135000,400 426 9070,101600,"""2022-10-11T06:47:32""",37
453 872 3223,115000,359 749 1880,112100,"""2022-10-10T07:37:27""",23
894 745 5793,140300,499 924 6835,142300,"""2022-10-09T17:27:19""",570
289 189 6507,143900,429 696 1063,107800,"""2022-10-09T09:12:02""",16
707 591 0139,141900,988 956 2782,114500,"""2022-10-09T11:14:05""",379
188 935 4810,152400,670 958 9908,144200,"""2022-10-10T10:03:16""",44
670 943 9357,54600,393 804 1609,112700,"""2022-10-10T06:25:21""",11
988 956 2782,114500,472 256 1898,114800,"""2022-10-09T11:17:01""",36
383 318 3780,143000,393 804 1609,112700,"""2022-10-10T05:08:03""",4625
903 331 6972,122900,829 765 4110,139100,"""2022-10-10T05:57:49""",589
449 522 0645,159500,944 763 9900,147500,"""2022-10-10T14:01:13""",951
393 804 1609,112700,907 420 5950,151900,"""2022-10-08T23:06:06""",2118
605 983 4987,144900,221 749 2039,145700,"""2022-10-09T14:52:15""",4321
187 742 2458,139800,309 568 4307,135600,"""2022-10-11T00:06:48""",4967
599 216 8056,136400,670 943 9357,54600,"""2022-10-10T09:13:09""",29
351 549 1664,122100,983 527 1315,107700,"""2022-10-10T15:33:08""",4590
368 695 1837,104300,988 956 2782,114500,"""2022-10-11T08:24:48""",59
371 406 6943,155900,922 378 2113,145200,"""2022-10-09T06:06:34""",5145
619 379 8869,124700,928 632 0245,117900,"""2022-10-10T15:07:54""",12
393 804 1609,112700,613 187 9527,145100,"""2022-10-11T19:18:57""",9196
340 526 1169,992,328 146 4913,145500,"""2022-10-09T18:36:50""",6270
680 856 0717,50600,443 634 1592,1039,"""2022-10-09T02:05:24""",8247
765 498 5969,142900,289 189 6507,143900,"""2022-10-11T06:56:13""",9999
486 887 6531,143400,217 223 5097,104000,"""2022-10-11T07:02:02""",1746
849 121 7151,153900,500 601 5450,131600,"""2022-10-11T00:04:21""",139
652 822 0120,115900,419 615 5527,112800,"""2022-10-11T01:28:21""",14
443 634 1592,1039,695 685 0049,113800,"""2022-10-10T17:37:15""",5
749 212 3218,117700,599 216 8056,136400,"""2022-10-10T00:58:47""",999
665 597 7452,139500,350 603 4248,154600,"""2022-10-10T01:40:32""",6119
469 925 5785,1083,484 992 2742,131400,"""2022-10-09T07:47:33""",77
453 872 3223,115000,427 486 7299,100600,"""2022-10-11T07:06:15""",117
400 426 9070,101600,857 550 0127,139300,"""2022-10-10T14:46:50""",309
452 862 8662,111200,628 443 0062,103500,"""2022-10-09T07:43:56""",7137
799 140 7507,59800,228 131 7672,117800,"""2022-10-10T07:30:43""",85
244 180 1166,1022,845 375 0146,154300,"""2022-10-11T13:44:50""",127
605 983 4987,144900,180 656 1198,116500,"""2022-10-09T21:55:12""",893
811 910 6050,1090,289 849 1246,143800,"""2022-10-11T01:37:06""",5749
408 899 7332,144500,137 425 7638,135000,"""2022-10-08T20:53:38""",3577
371 406 6943,155900,453 872 3223,115000,"""2022-10-09T22:11:32""",912
743 896 2134,122000,697 644 1543,1023,"""2022-10-10T15:20:57""",9999
212 846 6429,157900,400 426 9070,101600,"""2022-10-10T06:52:00""",1536
985 645 2048,144400,429 696 1063,107800,"""2022-10-10T04:37:42""",3392
895 227 9118,156300,674 696 3001,139200,"""2022-10-11T00:59:21""",889
309 278 7312,153800,674 724 9571,155500,"""2022-10-11T07:48:39""",570
403 185 0779,103600,678 219 3311,156000,"""2022-10-09T09:44:07""",273
810 929 0221,137300,587 209 7330,136000,"""2022-10-11T14:23:38""",1666
351 975 7237,109700,721 466 4544,146700,"""2022-10-11T10:07:22""",980
333 608 7609,104400,258 162 0667,147800,"""2022-10-11T16:27:34""",703
852 479 0214,145300,453 872 3223,115000,"""2022-10-10T16:19:17""",105
829 765 4110,139100,478 392 7314,146600,"""2022-10-09T17:59:20""",77
670 943 9357,54600,680 856 0717,50600,"""2022-10-10T14:40:03""",774
944 763 9900,147500,337 317 0612,106900,"""2022-10-09T03:24:49""",182
289 849 1246,143800,141 923 5324,144700,"""2022-10-09T11:13:13""",2649
371 244 1781,101100,416 554 0222,104500,"""2022-10-10T18:33:03""",8336
895 227 9118,156300,928 632 0245,117900,"""2022-10-09T02:01:02""",254
458 583 6600,138100,857 550 0127,139300,"""2022-10-09T02:21:07""",16
845 375 0146,154300,914 401 7455,141300,"""2022-10-10T01:35:41""",8627
895 227 9118,156300,449 522 0645,159500,"""2022-10-09T01:43:40""",17
333 608 7609,104400,403 185 0779,103600,"""2022-10-10T00:54:32""",66
452 706 2113,140900,944 253 9614,101700,"""2022-10-09T02:05:28""",907
787 990 4034,1082,429 495 0501,150900,"""2022-10-09T22:45:30""",888
674 724 9571,155500,410 972 4543,117600,"""2022-10-09T12:17:23""",5
158 920 3452,108400,289 470 3294,151200,"""2022-10-10T01:01:31""",96
180 656 1198,116500,243 809 5643,129100,"""2022-10-10T22:43:59""",743
769 424 5667,127900,328 647 4259,152700,"""2022-10-10T04:16:35""",99
921 311 6826,138600,903 331 6972,122900,"""2022-10-11T17:03:39""",577
944 253 9614,101700,994 450 8739,991,"""2022-10-09T07:52:18""",3127
427 476 5151,152200,584 730 4690,113000,"""2022-10-11T15:11:02""",66
614 998 9112,121200,267 714 9316,139900,"""2022-10-09T15:46:38""",67
665 597 7452,139500,587 209 7330,136000,"""2022-10-09T06:02:40""",9379
141 147 0461,152100,492 462 0370,53900,"""2022-10-11T05:04:30""",631
947 157 7423,68700,670 958 9908,144200,"""2022-10-10T22:57:48""",24
572 492 0531,375,674 724 9571,155500,"""2022-10-09T23:55:19""",182
180 656 1198,116500,891 547 9468,103300,"""2022-10-10T02:08:44""",74
912 582 4967,114900,697 644 1543,1023,"""2022-10-10T06:43:37""",7255
912 582 4967,114900,587 209 7330,136000,"""2022-10-10T16:16:10""",74
419 615 5527,112800,231 375 3254,103400,"""2022-10-08T21:06:16""",41
819 561 3254,99600,587 209 7330,136000,"""2022-10-09T12:43:34""",599
145 537 4786,137200,983 527 1315,107700,"""2022-10-11T06:08:32""",71
515 658 6994,104200,203 691 2424,155300,"""2022-10-11T00:38:53""",52
636 736 7722,151000,410 972 4543,117600,"""2022-10-09T07:14:15""",41
359 749 1880,112100,765 498 5969,142900,"""2022-10-09T04:59:44""",2249
779 291 4846,148400,267 714 9316,139900,"""2022-10-11T08:16:47""",9333
371 406 6943,155900,988 956 2782,114500,"""2022-10-09T19:11:11""",930
330 741 5913,109600,453 872 3223,115000,"""2022-10-09T17:59:52""",67
443 634 1592,1039,670 943 9357,54600,"""2022-10-11T11:49:43""",147
711 261 3782,124300,367 943 9511,145400,"""2022-10-09T20:13:24""",264
750 156 0271,113500,711 261 3782,124300,"""2022-10-10T22:46:11""",4
583 376 2087,138000,584 730 4690,113000,"""2022-10-10T02:08:01""",40
711 261 3782,124300,448 722 3196,103000,"""2022-10-09T04:43:37""",56
353 239 5732,154200,217 223 5097,104000,"""2022-10-11T03:15:51""",185
830 472 6612,148300,959 687 5723,138400,"""2022-10-10T11:00:30""",620
670 943 9357,54600,500 601 5450,131600,"""2022-10-09T23:48:10""",15
695 685 0049,113800,973 138 2701,36500,"""2022-10-10T19:35:11""",86
377 145 1943,122300,289 556 6023,146300,"""2022-10-08T21:56:12""",284
289 849 1246,143800,956 493 3108,130500,"""2022-10-09T14:39:52""",811
243 809 5643,129100,944 253 9614,101700,"""2022-10-11T07:11:37""",96
819 561 3254,99600,680 856 0717,50600,"""2022-10-10T19:00:21""",74
309 568 4307,135600,994 450 8739,991,"""2022-10-11T09:24:21""",5807
964 900 2535,114100,351 549 1664,122100,"""2022-10-09T08:53:39""",555
221 749 2039,145700,351 975 7237,109700,"""2022-10-11T10:32:40""",14
721 466 4544,146700,328 647 4259,152700,"""2022-10-10T01:25:58""",417
536 545 8125,1085,947 157 7423,68700,"""2022-10-10T03:25:26""",1340
963 871 7080,101000,115 759 6402,134700,"""2022-10-09T05:26:46""",93
221 749 2039,145700,587 209 7330,136000,"""2022-10-10T08:30:01""",675
217 223 5097,104000,711 261 3782,124300,"""2022-10-11T02:50:32""",6113
599 216 8056,136400,944 763 9900,147500,"""2022-10-11T10:14:06""",40
959 687 5723,138400,309 568 4307,135600,"""2022-10-09T03:48:12""",442
427 476 5151,152200,678 219 3311,156000,"""2022-10-09T13:27:22""",54
400 426 9070,101600,983 527 1315,107700,"""2022-10-10T09:49:04""",168
944 763 9900,147500,678 219 3311,156000,"""2022-10-09T00:14:52""",751
371 244 1781,101100,145 537 4786,137200,"""2022-10-10T07:24:02""",6831
393 804 1609,112700,988 956 2782,114500,"""2022-10-09T17:49:08""",219
765 498 5969,142900,231 375 3254,103400,"""2022-10-10T10:24:48""",63
852 479 0214,145300,403 185 0779,103600,"""2022-10-10T17:17:21""",84
420 167 9949,990,141 147 0461,152100,"""2022-10-10T14:15:04""",15
584 730 4690,113000,988 549 0332,137800,"""2022-10-10T14:30:01""",7594
508 138 5102,113300,180 656 1198,116500,"""2022-10-08T22:49:01""",567
353 239 5732,154200,383 318 3780,143000,"""2022-10-09T10:43:39""",9816
158 920 3452,108400,810 929 0221,137300,"""2022-10-09T08:34:37""",48
963 871 7080,101000,188 935 4810,152400,"""2022-10-09T16:05:54""",741
959 687 5723,138400,351 975 7237,109700,"""2022-10-11T04:17:09""",14
845 375 0146,154300,697 644 1543,1023,"""2022-10-09T12:21:12""",73
761 907 5384,153400,536 545 8125,1085,"""2022-10-10T09:46:08""",286
907 420 5950,151900,351 549 1664,122100,"""2022-10-10T11:03:20""",998
141 923 5324,144700,645 950 3493,110900,"""2022-10-09T02:30:12""",395
988 956 2782,114500,416 554 0222,104500,"""2022-10-11T11:42:02""",8
328 647 4259,152700,371 938 3078,139700,"""2022-10-11T14:41:04""",169
572 492 0531,375,289 849 1246,143800,"""2022-10-09T13:39:13""",9965
912 582 4967,114900,799 140 7507,59800,"""2022-10-10T23:44:51""",510
852 479 0214,145300,492 462 0370,53900,"""2022-10-10T20:29:10""",15
427 476 5151,152200,289 849 1246,143800,"""2022-10-10T07:04:29""",60
963 871 7080,101000,673 928 8615,112900,"""2022-10-11T00:53:08""",44
410 975 3311,112300,743 896 2134,122000,"""2022-10-10T17:50:37""",218
414 886 7823,126800,695 685 0049,113800,"""2022-10-11T07:51:46""",131
721 466 4544,146700,912 582 4967,114900,"""2022-10-09T15:12:35""",660
750 156 0271,113500,112 326 4108,101800,"""2022-10-11T14:01:47""",22
289 556 6023,146300,981 723 2702,114300,"""2022-10-08T22:38:32""",6181
641 993 1889,135700,419 615 5527,112800,"""2022-10-10T02:58:27""",80
244 180 1166,1022,443 634 1592,1039,"""2022-10-10T17:55:30""",8130
990 601 9335,149200,309 568 4307,135600,"""2022-10-09T07:28:45""",262
628 988 7034,134200,988 956 2782,114500,"""2022-10-11T19:47:26""",3153
371 406 6943,155900,546 845 4355,122700,"""2022-10-09T17:50:26""",42
674 696 3001,139200,328 647 4259,152700,"""2022-10-09T00:24:26""",15
217 223 5097,104000,228 131 7672,117800,"""2022-10-09T03:35:26""",653
228 131 7672,117800,944 763 9900,147500,"""2022-10-09T11:51:31""",325
695 685 0049,113800,469 925 5785,1083,"""2022-10-10T04:17:37""",365
948 817 1771,154000,137 425 7638,135000,"""2022-10-10T21:54:59""",6272
670 943 9357,54600,849 121 7151,153900,"""2022-10-09T17:22:10""",2561
749 212 3218,117700,891 547 9468,103300,"""2022-10-09T14:46:41""",56
799 140 7507,59800,686 504 9915,140200,"""2022-10-08T23:36:47""",784
761 907 5384,153400,819 561 3254,99600,"""2022-10-11T15:33:57""",9651
484 992 2742,131400,652 822 0120,115900,"""2022-10-11T01:26:08""",2960
420 167 9949,990,787 990 4034,1082,"""2022-10-11T12:43:36""",67
981 723 2702,114300,403 185 0779,103600,"""2022-10-09T00:10:04""",135
662 508 6576,120800,499 924 6835,142300,"""2022-10-10T09:54:00""",99
377 145 1943,122300,829 765 4110,139100,"""2022-10-10T00:53:54""",23
988 956 2782,114500,825 357 7359,105600,"""2022-10-11T17:40:47""",603
499 924 6835,142300,673 928 8615,112900,"""2022-10-09T09:48:27""",5657
333 608 7609,104400,328 146 4913,145500,"""2022-10-09T07:25:32""",158
141 923 5324,144700,284 307 7769,104100,"""2022-10-09T19:17:47""",866
697 644 1543,1023,907 420 5950,151900,"""2022-10-09T03:42:28""",283
400 426 9070,101600,228 131 7672,117800,"""2022-10-10T13:37:02""",254
985 645 2048,144400,636 736 7722,151000,"""2022-10-09T16:19:15""",130
931 165 6241,106700,948 817 1771,154000,"""2022-10-09T12:44:08""",1514
779 291 4846,148400,587 209 7330,136000,"""2022-10-09T10:32:29""",938
743 896 2134,122000,686 504 9915,140200,"""2022-10-09T13:43:14""",71
674 724 9571,155500,392 779 4627,121600,"""2022-10-11T11:28:56""",796
686 504 9915,140200,761 907 5384,153400,"""2022-10-09T14:59:31""",43
231 375 3254,103400,665 597 7452,139500,"""2022-10-09T17:37:40""",290
484 992 2742,131400,410 972 4543,117600,"""2022-10-10T06:48:04""",7878
536 545 8125,1085,768 834 3951,130600,"""2022-10-11T15:52:58""",1
341 275 6664,108700,452 862 8662,111200,"""2022-10-10T06:05:55""",54
427 486 7299,100600,956 493 3108,130500,"""2022-10-09T09:47:35""",1
353 239 5732,154200,162 601 5562,137700,"""2022-10-11T05:22:32""",50
857 550 0127,139300,619 379 8869,124700,"""2022-10-10T10:39:49""",699
467 815 3501,135100,619 749 2962,1024,"""2022-10-10T03:11:45""",7003
616 848 4843,142200,707 591 0139,141900,"""2022-10-11T16:20:24""",807
412 852 0201,139000,636 968 6793,154800,"""2022-10-09T18:13:13""",647
235 486 6657,121500,907 420 5950,151900,"""2022-10-09T10:21:36""",50
487 482 0182,121800,707 591 0139,141900,"""2022-10-08T21:12:25""",14
769 655 6957,57700,419 615 5527,112800,"""2022-10-09T10:56:43""",4
458 668 1366,156200,217 223 5097,104000,"""2022-10-10T10:15:00""",7387
258 162 0667,147800,662 866 4042,119500,"""2022-10-10T19:04:29""",8210
341 275 6664,108700,333 608 7609,104400,"""2022-10-09T23:23:14""",4733
662 866 4042,119500,567 738 6171,111000,"""2022-10-11T03:04:12""",3844
267 714 9316,139900,994 450 8739,991,"""2022-10-10T06:29:54""",454
707 591 0139,141900,341 275 6664,108700,"""2022-10-08T21:16:02""",1206
994 450 8739,991,852 479 0214,145300,"""2022-10-11T05:11:42""",1518
787 990 4034,1082,383 318 3780,143000,"""2022-10-11T03:23:48""",95
914 401 7455,141300,947 157 7423,68700,"""2022-10-09T00:10:00""",33
408 899 7332,144500,674 696 3001,139200,"""2022-10-09T20:44:51""",52
410 972 4543,117600,440 958 4012,153300,"""2022-10-10T06:31:51""",277
765 498 5969,142900,112 326 4108,101800,"""2022-10-11T06:26:01""",167
619 379 8869,124700,686 504 9915,140200,"""2022-10-08T23:40:54""",46
921 311 6826,138600,546 845 4355,122700,"""2022-10-10T17:20:35""",612
377 897 4657,156100,452 862 8662,111200,"""2022-10-09T00:48:26""",2412
628 443 0062,103500,427 486 7299,100600,"""2022-10-09T17:59:58""",6253
340 526 1169,992,678 219 3311,156000,"""2022-10-09T08:48:19""",1559
515 658 6994,104200,903 331 6972,122900,"""2022-10-11T10:06:51""",96
749 212 3218,117700,695 685 0049,113800,"""2022-10-09T12:09:44""",358
235 486 6657,121500,487 482 0182,121800,"""2022-10-09T05:46:09""",8743
350 603 4248,154600,419 615 5527,112800,"""2022-10-10T16:12:02""",981
928 632 0245,117900,662 508 6576,120800,"""2022-10-10T02:07:36""",57
330 741 5913,109600,964 900 2535,114100,"""2022-10-09T08:04:25""",9130
412 852 0201,139000,258 162 0667,147800,"""2022-10-09T05:34:52""",2103
472 256 1898,114800,636 736 7722,151000,"""2022-10-11T05:52:48""",48
674 724 9571,155500,228 131 7672,117800,"""2022-10-11T04:17:49""",6244
412 852 0201,139000,458 668 1366,156200,"""2022-10-10T15:54:52""",12
636 968 6793,154800,769 655 6957,57700,"""2022-10-10T10:37:08""",8650
328 647 4259,152700,371 406 6943,155900,"""2022-10-10T22:48:37""",1097
626 809 3107,143700,670 958 9908,144200,"""2022-10-09T08:54:58""",769
351 549 1664,122100,829 765 4110,139100,"""2022-10-08T21:10:21""",766
429 495 0501,150900,309 568 4307,135600,"""2022-10-10T06:09:01""",526
419 615 5527,112800,393 804 1609,112700,"""2022-10-08T21:57:54""",929
750 156 0271,113500,829 765 4110,139100,"""2022-10-10T01:46:54""",41
431 708 0066,110500,680 856 0717,50600,"""2022-10-09T22:20:40""",149
921 311 6826,138600,328 146 4913,145500,"""2022-10-10T18:54:22""",555
289 849 1246,143800,895 227 9118,156300,"""2022-10-11T17:37:43""",51
478 392 7314,146600,449 522 0645,159500,"""2022-10-11T07:56:18""",2
707 591 0139,141900,397 606 5190,132200,"""2022-10-11T06:30:35""",69
912 151 6417,153200,397 606 5190,132200,"""2022-10-09T12:06:38""",56
674 724 9571,155500,258 162 0667,147800,"""2022-10-10T07:47:31""",306
309 278 7312,153800,351 549 1664,122100,"""2022-10-11T06:43:04""",1268
180 656 1198,116500,289 556 6023,146300,"""2022-10-09T15:30:28""",7088
350 603 4248,154600,225 845 6876,107400,"""2022-10-08T21:08:13""",3408
616 848 4843,142200,721 466 4544,146700,"""2022-10-09T21:41:32""",5350
894 745 5793,140300,410 972 4543,117600,"""2022-10-10T05:08:32""",69
586 738 8946,133500,662 866 4042,119500,"""2022-10-08T23:23:01""",52
339 298 2103,144000,217 223 5097,104000,"""2022-10-09T18:58:01""",7189
374 459 9976,100300,410 972 4543,117600,"""2022-10-09T06:59:54""",319
339 298 2103,144000,983 527 1315,107700,"""2022-10-09T20:13:47""",42
284 307 7769,104100,761 907 5384,153400,"""2022-10-11T01:20:36""",460
768 834 3951,130600,891 547 9468,103300,"""2022-10-10T10:26:48""",225
928 632 0245,117900,583 376 2087,138000,"""2022-10-09T10:35:37""",7030
431 708 0066,110500,137 425 7638,135000,"""2022-10-11T14:34:58""",893
371 406 6943,155900,448 722 3196,103000,"""2022-10-11T17:15:58""",199
636 968 6793,154800,371 938 3078,139700,"""2022-10-09T10:47:53""",277
188 935 4810,152400,515 658 6994,104200,"""2022-10-11T19:38:19""",1510
371 406 6943,155900,203 691 2424,155300,"""2022-10-09T04:33:02""",760
994 450 8739,991,258 162 0667,147800,"""2022-10-10T10:31:35""",86
500 601 5450,131600,158 920 3452,108400,"""2022-10-10T04:01:15""",284
765 498 5969,142900,469 925 5785,1083,"""2022-10-10T15:58:06""",8031
371 244 1781,101100,628 443 0062,103500,"""2022-10-11T09:05:01""",166
697 644 1543,1023,414 886 7823,126800,"""2022-10-11T20:20:38""",2827
258 162 0667,147800,267 714 9316,139900,"""2022-10-09T09:29:43""",1
903 331 6972,122900,487 482 0182,121800,"""2022-10-10T23:07:26""",677
614 998 9112,121200,112 326 4108,101800,"""2022-10-09T14:55:33""",652
584 730 4690,113000,711 261 3782,124300,"""2022-10-09T02:47:31""",38
231 375 3254,103400,289 556 6023,146300,"""2022-10-11T00:46:52""",4583
408 899 7332,144500,947 157 7423,68700,"""2022-10-09T06:18:52""",3455
217 223 5097,104000,351 975 7237,109700,"""2022-10-09T11:30:56""",58
432 859 7868,111400,787 976 3193,144100,"""2022-10-09T04:05:22""",746
187 742 2458,139800,371 938 3078,139700,"""2022-10-10T21:50:07""",78
419 615 5527,112800,674 696 3001,139200,"""2022-10-11T19:57:27""",71
221 749 2039,145700,458 583 6600,138100,"""2022-10-11T03:28:58""",6452
429 696 1063,107800,141 923 5324,144700,"""2022-10-10T23:05:10""",382
750 156 0271,113500,508 138 5102,113300,"""2022-10-09T12:56:50""",6090
427 486 7299,100600,440 958 4012,153300,"""2022-10-09T01:10:32""",148
981 723 2702,114300,351 549 1664,122100,"""2022-10-10T06:19:19""",85
235 486 6657,121500,799 140 7507,59800,"""2022-10-11T10:05:10""",60
944 253 9614,101700,244 180 1166,1022,"""2022-10-08T22:46:57""",109
289 849 1246,143800,112 326 4108,101800,"""2022-10-11T11:11:09""",154
947 157 7423,68700,180 656 1198,116500,"""2022-10-10T01:54:11""",14
289 189 6507,143900,225 845 6876,107400,"""2022-10-09T10:40:22""",66
928 632 0245,117900,819 561 3254,99600,"""2022-10-09T01:14:59""",6860
749 212 3218,117700,619 749 2962,1024,"""2022-10-10T04:40:05""",5742
377 145 1943,122300,981 723 2702,114300,"""2022-10-09T00:52:28""",1613
914 401 7455,141300,431 708 0066,110500,"""2022-10-11T02:57:40""",3676
371 938 3078,139700,353 239 5732,154200,"""2022-10-11T05:37:19""",772
267 714 9316,139900,458 668 1366,156200,"""2022-10-09T11:48:45""",7320
857 550 0127,139300,903 331 6972,122900,"""2022-10-10T20:06:51""",6834
289 849 1246,143800,584 730 4690,113000,"""2022-10-10T02:18:57""",37
825 357 7359,105600,645 950 3493,110900,"""2022-10-10T20:49:06""",4636
787 990 4034,1082,613 187 9527,145100,"""2022-10-10T17:56:56""",65
686 504 9915,140200,944 763 9900,147500,"""2022-10-10T05:31:17""",167
636 968 6793,154800,440 958 4012,153300,"""2022-10-11T20:24:17""",4313
449 522 0645,159500,988 549 0332,137800,"""2022-10-10T17:13:24""",623
427 476 5151,152200,371 406 6943,155900,"""2022-10-11T16:32:38""",91
486 887 6531,143400,944 763 9900,147500,"""2022-10-11T20:19:17""",1721
994 450 8739,991,420 167 9949,990,"""2022-10-08T21:22:39""",494
673 928 8615,112900,392 779 4627,121600,"""2022-10-09T18:17:11""",989
787 990 4034,1082,981 723 2702,114300,"""2022-10-09T02:15:58""",27
779 291 4846,148400,162 601 5562,137700,"""2022-10-10T16:25:23""",65
340 526 1169,992,912 582 4967,114900,"""2022-10-10T04:56:47""",783
458 583 6600,138100,294 502 0096,119800,"""2022-10-09T19:18:59""",99
779 291 4846,148400,112 326 4108,101800,"""2022-10-09T18:16:28""",76
340 502 4551,144800,341 275 6664,108700,"""2022-10-11T17:14:50""",3100
158 920 3452,108400,419 615 5527,112800,"""2022-10-11T09:05:52""",51
328 647 4259,152700,374 459 9976,100300,"""2022-10-09T02:29:41""",52
454 663 4856,158500,674 696 3001,139200,"""2022-10-09T13:09:06""",415
652 822 0120,115900,536 545 8125,1085,"""2022-10-10T10:43:39""",444
412 852 0201,139000,535 236 2125,152500,"""2022-10-09T20:50:56""",74
985 645 2048,144400,353 239 5732,154200,"""2022-10-10T07:35:56""",191
141 923 5324,144700,112 326 4108,101800,"""2022-10-11T19:21:45""",60
914 401 7455,141300,613 187 9527,145100,"""2022-10-10T03:48:24""",356
846 377 2854,142100,662 866 4042,119500,"""2022-10-09T20:41:08""",789
397 606 5190,132200,769 424 5667,127900,"""2022-10-09T10:11:43""",897
721 466 4544,146700,452 862 8662,111200,"""2022-10-11T04:28:41""",466
769 424 5667,127900,743 896 2134,122000,"""2022-10-10T09:07:33""",1
895 227 9118,156300,768 834 3951,130600,"""2022-10-09T05:29:13""",43
141 923 5324,144700,912 151 6417,153200,"""2022-10-11T02:27:01""",377
371 938 3078,139700,903 331 6972,122900,"""2022-10-10T12:32:35""",788
749 212 3218,117700,613 187 9527,145100,"""2022-10-09T06:14:13""",11
903 331 6972,122900,928 632 0245,117900,"""2022-10-09T01:48:35""",16
484 992 2742,131400,397 606 5190,132200,"""2022-10-11T13:24:20""",84
665 597 7452,139500,619 379 8869,124700,"""2022-10-10T21:55:54""",9953
508 892 0776,134800,448 722 3196,103000,"""2022-10-11T14:10:21""",61
203 691 2424,155300,458 583 6600,138100,"""2022-10-08T23:15:10""",9190
341 754 4951,126100,887 465 7729,128200,"""2022-10-09T12:38:34""",7757
849 121 7151,153900,289 556 6023,146300,"""2022-10-10T17:28:20""",44
546 845 4355,122700,467 815 3501,135100,"""2022-10-10T21:59:53""",185
738 926 7301,141500,243 809 5643,129100,"""2022-10-09T09:03:00""",22
235 486 6657,121500,289 470 3294,151200,"""2022-10-08T21:31:55""",31
243 809 5643,129100,267 714 9316,139900,"""2022-10-09T07:12:33""",58
689 810 6837,134600,765 498 5969,142900,"""2022-10-09T19:38:55""",99
584 730 4690,113000,749 212 3218,117700,"""2022-10-11T12:16:56""",4889
458 583 6600,138100,599 216 8056,136400,"""2022-10-10T09:09:37""",6549
769 424 5667,127900,944 763 9900,147500,"""2022-10-11T13:45:51""",9997
852 479 0214,145300,333 608 7609,104400,"""2022-10-11T20:18:39""",52
158 920 3452,108400,599 216 8056,136400,"""2022-10-10T01:13:33""",182
112 326 4108,101800,328 647 4259,152700,"""2022-10-10T00:44:18""",461
830 472 6612,148300,845 375 0146,154300,"""2022-10-09T07:21:44""",7959
427 476 5151,152200,341 275 6664,108700,"""2022-10-10T12:08:51""",894
289 556 6023,146300,427 486 7299,100600,"""2022-10-10T00:22:00""",512
371 406 6943,155900,586 738 8946,133500,"""2022-10-09T16:11:25""",1775
670 943 9357,54600,416 554 0222,104500,"""2022-10-09T23:24:43""",268
907 420 5950,151900,680 856 0717,50600,"""2022-10-10T20:46:26""",3891
414 886 7823,126800,963 871 7080,101000,"""2022-10-09T20:24:13""",3007
458 668 1366,156200,289 849 1246,143800,"""2022-10-10T04:32:10""",855
431 708 0066,110500,484 992 2742,131400,"""2022-10-10T19:40:16""",5852
721 466 4544,146700,846 377 2854,142100,"""2022-10-09T06:07:40""",77
449 522 0645,159500,294 502 0096,119800,"""2022-10-08T22:31:01""",12
636 736 7722,151000,987 426 6549,111100,"""2022-10-10T00:51:20""",66
535 236 2125,152500,981 723 2702,114300,"""2022-10-09T13:06:56""",138
948 817 1771,154000,583 376 2087,138000,"""2022-10-09T23:33:45""",683
674 724 9571,155500,478 392 7314,146600,"""2022-10-10T12:17:55""",77
427 486 7299,100600,429 495 0501,150900,"""2022-10-10T10:00:39""",4084
765 498 5969,142900,619 379 8869,124700,"""2022-10-09T12:05:43""",91
235 486 6657,121500,990 601 9335,149200,"""2022-10-09T06:58:01""",726
284 307 7769,104100,351 549 1664,122100,"""2022-10-09T23:10:01""",9278
583 376 2087,138000,231 375 3254,103400,"""2022-10-11T02:36:40""",846
641 993 1889,135700,427 486 7299,100600,"""2022-10-11T03:34:08""",234
499 924 6835,142300,432 859 7868,111400,"""2022-10-09T07:19:30""",591
449 522 0645,159500,377 897 4657,156100,"""2022-10-10T11:43:33""",9873
408 899 7332,144500,769 655 6957,57700,"""2022-10-10T17:55:03""",8368
427 486 7299,100600,931 165 6241,106700,"""2022-10-09T06:03:10""",68
337 317 0612,106900,486 887 6531,143400,"""2022-10-08T21:09:49""",5839
353 239 5732,154200,403 185 0779,103600,"""2022-10-10T20:33:18""",892
670 943 9357,54600,469 925 5785,1083,"""2022-10-09T10:36:31""",2
328 146 4913,145500,787 976 3193,144100,"""2022-10-10T11:53:16""",682
948 817 1771,154000,225 845 6876,107400,"""2022-10-09T09:27:24""",95
755 616 2116,153700,988 956 2782,114500,"""2022-10-11T04:24:52""",9755
454 663 4856,158500,852 479 0214,145300,"""2022-10-09T00:48:29""",5090
947 157 7423,68700,180 656 1198,116500,"""2022-10-11T11:47:23""",164
895 227 9118,156300,371 938 3078,139700,"""2022-10-10T11:00:39""",829
689 810 6837,134600,416 554 0222,104500,"""2022-10-08T23:22:28""",4109
887 465 7729,128200,228 131 7672,117800,"""2022-10-11T13:17:37""",6
145 537 4786,137200,572 492 0531,375,"""2022-10-11T14:12:30""",209
180 656 1198,116500,115 759 6402,134700,"""2022-10-10T02:54:49""",139
420 167 9949,990,988 956 2782,114500,"""2022-10-10T02:56:48""",934
487 482 0182,121800,397 606 5190,132200,"""2022-10-09T23:07:46""",9117
420 167 9949,990,587 209 7330,136000,"""2022-10-10T18:13:10""",899
453 872 3223,115000,680 856 0717,50600,"""2022-10-11T03:44:51""",5353
678 219 3311,156000,614 998 9112,121200,"""2022-10-10T17:49:15""",8705
964 900 2535,114100,994 450 8739,991,"""2022-10-10T08:17:32""",4
605 983 4987,144900,458 583 6600,138100,"""2022-10-09T14:43:34""",901
738 926 7301,141500,914 401 7455,141300,"""2022-10-09T14:32:16""",20
212 846 6429,157900,738 926 7301,141500,"""2022-10-08T22:06:32""",30
769 655 6957,57700,420 167 9949,990,"""2022-10-11T14:45:10""",94
680 856 0717,50600,743 896 2134,122000,"""2022-10-09T21:53:52""",72
228 131 7672,117800,931 165 6241,106700,"""2022-10-10T04:29:17""",531
765 498 5969,142900,452 706 2113,140900,"""2022-10-10T15:27:39""",94
432 859 7868,111400,546 845 4355,122700,"""2022-10-09T20:57:15""",18
400 426 9070,101600,891 547 9468,103300,"""2022-10-11T02:00:47""",8208
749 212 3218,117700,662 866 4042,119500,"""2022-10-11T05:24:24""",39
761 907 5384,153400,420 167 9949,990,"""2022-10-10T00:12:07""",93
587 209 7330,136000,432 859 7868,111400,"""2022-10-10T00:59:37""",6896
750 156 0271,113500,975 987 2288,153600,"""2022-10-10T04:26:27""",8772
419 615 5527,112800,180 656 1198,116500,"""2022-10-11T12:09:37""",9573
680 856 0717,50600,340 502 4551,144800,"""2022-10-11T18:36:54""",5403
410 975 3311,112300,628 988 7034,134200,"""2022-10-10T20:24:28""",75
963 871 7080,101000,572 492 0531,375,"""2022-10-09T20:05:17""",2680
903 331 6972,122900,583 376 2087,138000,"""2022-10-09T00:23:00""",18
994 450 8739,991,458 668 1366,156200,"""2022-10-11T08:14:14""",29
403 185 0779,103600,429 696 1063,107800,"""2022-10-09T09:59:01""",4441
583 376 2087,138000,350 603 4248,154600,"""2022-10-10T05:58:20""",79
626 809 3107,143700,427 476 5151,152200,"""2022-10-10T11:13:19""",4258
341 754 4951,126100,469 925 5785,1083,"""2022-10-09T14:43:23""",8996
695 685 0049,113800,846 377 2854,142100,"""2022-10-10T20:35:56""",590
419 615 5527,112800,341 754 4951,126100,"""2022-10-11T02:41:28""",1441
605 983 4987,144900,309 568 4307,135600,"""2022-10-09T03:48:23""",329
768 834 3951,130600,225 845 6876,107400,"""2022-10-10T20:07:37""",8853
368 695 1837,104300,328 146 4913,145500,"""2022-10-10T19:42:56""",98
680 856 0717,50600,922 378 2113,145200,"""2022-10-11T11:30:01""",59
392 779 4627,121600,112 326 4108,101800,"""2022-10-09T06:53:34""",9201
458 583 6600,138100,350 603 4248,154600,"""2022-10-10T23:51:02""",1520
429 696 1063,107800,845 375 0146,154300,"""2022-10-09T12:50:10""",547
371 244 1781,101100,508 892 0776,134800,"""2022-10-09T16:17:06""",20
339 298 2103,144000,412 852 0201,139000,"""2022-10-11T00:14:05""",51
112 326 4108,101800,243 822 5374,158200,"""2022-10-11T09:42:10""",82
448 722 3196,103000,458 583 6600,138100,"""2022-10-09T08:01:47""",16
374 459 9976,100300,420 167 9949,990,"""2022-10-09T03:20:43""",266
914 401 7455,141300,499 924 6835,142300,"""2022-10-10T15:14:27""",205
330 741 5913,109600,845 375 0146,154300,"""2022-10-10T09:48:46""",25
469 925 5785,1083,641 993 1889,135700,"""2022-10-11T01:16:28""",1678
231 375 3254,103400,988 956 2782,114500,"""2022-10-10T21:09:49""",342
478 392 7314,146600,674 724 9571,155500,"""2022-10-10T16:07:29""",84
662 508 6576,120800,374 459 9976,100300,"""2022-10-10T23:04:55""",8875
787 990 4034,1082,145 537 4786,137200,"""2022-10-09T19:37:54""",745
944 253 9614,101700,964 900 2535,114100,"""2022-10-11T03:55:10""",628
779 291 4846,148400,243 809 5643,129100,"""2022-10-09T14:10:46""",55
371 244 1781,101100,289 849 1246,143800,"""2022-10-10T11:16:47""",259
499 924 6835,142300,956 493 3108,130500,"""2022-10-10T20:15:44""",19
928 632 0245,117900,711 261 3782,124300,"""2022-10-10T08:29:14""",14
243 809 5643,129100,536 545 8125,1085,"""2022-10-09T02:54:31""",3954
928 632 0245,117900,944 763 9900,147500,"""2022-10-11T18:46:17""",7680
707 591 0139,141900,572 492 0531,375,"""2022-10-11T03:37:10""",95
768 834 3951,130600,779 291 4846,148400,"""2022-10-10T06:50:53""",5299
628 988 7034,134200,769 655 6957,57700,"""2022-10-10T21:22:44""",93
536 545 8125,1085,963 871 7080,101000,"""2022-10-09T07:07:04""",1576
371 244 1781,101100,755 616 2116,153700,"""2022-10-09T15:28:06""",9930
499 924 6835,142300,337 317 0612,106900,"""2022-10-10T14:59:34""",3640
944 763 9900,147500,894 745 5793,140300,"""2022-10-10T09:58:30""",70
368 695 1837,104300,412 852 0201,139000,"""2022-10-10T06:38:09""",20
162 601 5562,137700,628 443 0062,103500,"""2022-10-10T16:58:08""",589
383 318 3780,143000,410 972 4543,117600,"""2022-10-10T19:07:40""",386
328 146 4913,145500,267 714 9316,139900,"""2022-10-11T15:38:10""",2490
912 151 6417,153200,368 695 1837,104300,"""2022-10-10T14:12:18""",614
743 896 2134,122000,811 910 6050,1090,"""2022-10-11T10:23:02""",1197
743 896 2134,122000,284 307 7769,104100,"""2022-10-10T15:12:41""",9805
492 462 0370,53900,350 603 4248,154600,"""2022-10-09T11:03:49""",855
887 465 7729,128200,337 317 0612,106900,"""2022-10-11T01:04:48""",2556
367 943 9511,145400,187 742 2458,139800,"""2022-10-09T18:53:25""",97
641 993 1889,135700,707 591 0139,141900,"""2022-10-09T00:03:20""",775
963 871 7080,101000,492 462 0370,53900,"""2022-10-09T10:24:13""",270
765 498 5969,142900,956 493 3108,130500,"""2022-10-10T05:09:47""",99
680 856 0717,50600,231 375 3254,103400,"""2022-10-11T17:19:27""",5351
665 597 7452,139500,377 897 4657,156100,"""2022-10-09T05:27:47""",174
721 466 4544,146700,963 871 7080,101000,"""2022-10-10T19:10:25""",443
711 261 3782,124300,768 834 3951,130600,"""2022-10-09T23:18:16""",625
674 724 9571,155500,730 911 5118,113200,"""2022-10-11T01:16:47""",72
670 943 9357,54600,377 897 4657,156100,"""2022-10-09T00:34:53""",55
616 848 4843,142200,371 938 3078,139700,"""2022-10-09T07:54:46""",3215
458 668 1366,156200,636 736 7722,151000,"""2022-10-11T07:19:47""",30
769 424 5667,127900,981 723 2702,114300,"""2022-10-09T13:58:35""",419
188 935 4810,152400,377 897 4657,156100,"""2022-10-11T10:00:09""",996
452 862 8662,111200,289 189 6507,143900,"""2022-10-11T03:53:47""",5044
987 426 6549,111100,755 616 2116,153700,"""2022-10-11T01:55:34""",81
628 988 7034,134200,907 420 5950,151900,"""2022-10-10T07:21:45""",893
469 925 5785,1083,948 817 1771,154000,"""2022-10-11T19:45:03""",5924
472 256 1898,114800,845 375 0146,154300,"""2022-10-10T05:59:12""",30
779 291 4846,148400,922 378 2113,145200,"""2022-10-11T00:37:21""",5005
452 862 8662,111200,141 147 0461,152100,"""2022-10-11T18:38:59""",282
956 493 3108,130500,458 668 1366,156200,"""2022-10-10T20:09:26""",317
546 845 4355,122700,973 138 2701,36500,"""2022-10-09T02:59:14""",5081
414 886 7823,126800,811 910 6050,1090,"""2022-10-09T05:48:20""",2168
350 603 4248,154600,830 472 6612,148300,"""2022-10-10T10:54:46""",446
768 834 3951,130600,988 956 2782,114500,"""2022-10-09T12:31:59""",4476
947 157 7423,68700,921 311 6826,138600,"""2022-10-09T02:55:34""",4476
689 657 2623,158100,449 522 0645,159500,"""2022-10-11T11:10:20""",6666
755 616 2116,153700,410 972 4543,117600,"""2022-10-09T13:20:55""",82
515 658 6994,104200,619 749 2962,1024,"""2022-10-11T10:11:57""",3121
112 326 4108,101800,891 547 9468,103300,"""2022-10-09T10:34:40""",346
947 157 7423,68700,350 603 4248,154600,"""2022-10-11T10:56:39""",39
400 426 9070,101600,289 470 3294,151200,"""2022-10-09T07:28:49""",906
341 754 4951,126100,674 696 3001,139200,"""2022-10-09T08:13:32""",31
769 655 6957,57700,811 910 6050,1090,"""2022-10-09T18:46:50""",564
697 644 1543,1023,141 923 5324,144700,"""2022-10-10T17:34:15""",142
353 239 5732,154200,636 736 7722,151000,"""2022-10-11T03:41:34""",9640
243 822 5374,158200,478 392 7314,146600,"""2022-10-11T07:18:50""",8710
628 988 7034,134200,243 822 5374,158200,"""2022-10-10T02:31:38""",10
628 988 7034,134200,830 472 6612,148300,"""2022-10-11T18:44:34""",6515
243 822 5374,158200,478 392 7314,146600,"""2022-10-10T03:58:41""",9
383 318 3780,143000,846 377 2854,142100,"""2022-10-09T07:07:18""",364
141 147 0461,152100,328 146 4913,145500,"""2022-10-10T13:25:17""",5142
235 486 6657,121500,636 968 6793,154800,"""2022-10-11T04:02:01""",182
584 730 4690,113000,674 696 3001,139200,"""2022-10-08T20:46:35""",521
922 378 2113,145200,680 856 0717,50600,"""2022-10-09T14:37:46""",498
641 993 1889,135700,340 502 4551,144800,"""2022-10-09T20:25:14""",24
584 730 4690,113000,721 466 4544,146700,"""2022-10-09T08:41:06""",849
586 738 8946,133500,769 655 6957,57700,"""2022-10-08T23:04:43""",147
458 668 1366,156200,339 298 2103,144000,"""2022-10-09T23:48:56""",70
931 165 6241,106700,584 730 4690,113000,"""2022-10-11T07:37:48""",312
137 425 7638,135000,928 632 0245,117900,"""2022-10-11T15:54:00""",5252
614 998 9112,121200,412 852 0201,139000,"""2022-10-10T04:27:27""",642
337 317 0612,106900,825 357 7359,105600,"""2022-10-09T00:22:46""",3650
508 138 5102,113300,244 180 1166,1022,"""2022-10-11T09:21:56""",86
341 275 6664,108700,410 972 4543,117600,"""2022-10-11T15:35:34""",38
636 736 7722,151000,371 938 3078,139700,"""2022-10-10T14:20:07""",7532
115 759 6402,134700,645 950 3493,110900,"""2022-10-10T01:30:40""",621
443 634 1592,1039,400 426 9070,101600,"""2022-10-09T05:07:21""",3338
487 482 0182,121800,429 696 1063,107800,"""2022-10-10T22:07:02""",65
158 920 3452,108400,990 601 9335,149200,"""2022-10-09T09:33:07""",88
141 147 0461,152100,959 687 5723,138400,"""2022-10-09T04:03:24""",96
944 253 9614,101700,333 608 7609,104400,"""2022-10-11T00:22:12""",58
975 987 2288,153600,221 749 2039,145700,"""2022-10-11T07:22:09""",8
662 866 4042,119500,674 724 9571,155500,"""2022-10-10T22:58:12""",5618
670 943 9357,54600,448 722 3196,103000,"""2022-10-09T10:35:36""",207
467 815 3501,135100,546 845 4355,122700,"""2022-10-11T09:56:34""",4660
959 687 5723,138400,567 738 6171,111000,"""2022-10-09T01:54:40""",24
536 545 8125,1085,410 975 3311,112300,"""2022-10-09T17:13:38""",21
337 317 0612,106900,536 545 8125,1085,"""2022-10-11T08:14:30""",205
614 998 9112,121200,787 990 4034,1082,"""2022-10-11T07:30:51""",1672
458 668 1366,156200,628 443 0062,103500,"""2022-10-10T09:14:32""",66
440 958 4012,153300,508 138 5102,113300,"""2022-10-09T22:17:24""",131
755 616 2116,153700,467 815 3501,135100,"""2022-10-09T05:58:04""",4041
377 897 4657,156100,429 495 0501,150900,"""2022-10-09T11:52:58""",7747
628 988 7034,134200,626 809 3107,143700,"""2022-10-09T21:13:37""",394
112 326 4108,101800,443 634 1592,1039,"""2022-10-10T14:56:51""",7731
449 522 0645,159500,419 615 5527,112800,"""2022-10-11T11:12:25""",87
673 928 8615,112900,401 815 1335,140400,"""2022-10-10T05:36:13""",3324
689 657 2623,158100,145 537 4786,137200,"""2022-10-10T00:34:44""",630
142 938 7548,1443,427 486 7299,100600,"""2022-10-10T15:27:14""",581
368 695 1837,104300,431 708 0066,110500,"""2022-10-11T11:20:19""",5089
852 479 0214,145300,536 545 8125,1085,"""2022-10-10T17:12:20""",32
492 462 0370,53900,467 815 3501,135100,"""2022-10-09T04:53:29""",934
145 537 4786,137200,408 899 7332,144500,"""2022-10-10T18:47:06""",412
180 656 1198,116500,412 852 0201,139000,"""2022-10-08T22:44:29""",34
799 140 7507,59800,811 910 6050,1090,"""2022-10-10T16:11:57""",64
458 583 6600,138100,429 495 0501,150900,"""2022-10-11T19:12:37""",9
340 526 1169,992,799 140 7507,59800,"""2022-10-09T07:55:56""",65
857 550 0127,139300,587 209 7330,136000,"""2022-10-11T14:47:52""",4183
289 556 6023,146300,141 923 5324,144700,"""2022-10-10T00:09:45""",146
948 817 1771,154000,536 545 8125,1085,"""2022-10-09T05:57:51""",973
392 779 4627,121600,188 935 4810,152400,"""2022-10-10T08:55:46""",941
628 443 0062,103500,467 815 3501,135100,"""2022-10-11T10:00:24""",31
350 603 4248,154600,619 379 8869,124700,"""2022-10-11T14:17:17""",5752
894 745 5793,140300,852 479 0214,145300,"""2022-10-10T00:14:53""",3822
613 187 9527,145100,429 495 0501,150900,"""2022-10-10T19:10:03""",1576
410 972 4543,117600,670 958 9908,144200,"""2022-10-10T21:09:54""",22
500 601 5450,131600,145 537 4786,137200,"""2022-10-10T05:05:01""",1119
367 943 9511,145400,289 189 6507,143900,"""2022-10-10T19:22:28""",55
810 929 0221,137300,994 450 8739,991,"""2022-10-09T23:37:38""",68
810 929 0221,137300,536 545 8125,1085,"""2022-10-09T23:25:49""",2023
988 956 2782,114500,921 311 6826,138600,"""2022-10-10T17:24:42""",1719
397 606 5190,132200,990 601 9335,149200,"""2022-10-11T11:08:56""",20
963 871 7080,101000,981 723 2702,114300,"""2022-10-09T08:48:40""",9856
397 606 5190,132200,944 763 9900,147500,"""2022-10-09T04:06:33""",51
403 185 0779,103600,769 424 5667,127900,"""2022-10-11T06:11:54""",2926
340 502 4551,144800,536 545 8125,1085,"""2022-10-10T09:56:29""",431
289 470 3294,151200,787 990 4034,1082,"""2022-10-09T05:02:59""",3249
243 809 5643,129100,419 615 5527,112800,"""2022-10-10T14:58:27""",6160
429 495 0501,150900,469 925 5785,1083,"""2022-10-10T07:07:44""",55
636 736 7722,151000,985 645 2048,144400,"""2022-10-11T12:38:39""",3936
769 655 6957,57700,849 121 7151,153900,"""2022-10-11T19:01:13""",787
203 691 2424,155300,944 763 9900,147500,"""2022-10-11T11:35:24""",649
217 223 5097,104000,811 910 6050,1090,"""2022-10-11T11:47:49""",591
695 685 0049,113800,427 476 5151,152200,"""2022-10-11T19:15:09""",12
243 809 5643,129100,707 591 0139,141900,"""2022-10-09T10:53:51""",4013
393 804 1609,112700,454 663 4856,158500,"""2022-10-11T06:38:46""",16
887 465 7729,128200,894 745 5793,140300,"""2022-10-10T01:04:06""",4390
738 926 7301,141500,613 187 9527,145100,"""2022-10-09T10:49:59""",441
267 714 9316,139900,508 138 5102,113300,"""2022-10-11T12:14:22""",937
944 253 9614,101700,662 866 4042,119500,"""2022-10-10T20:31:51""",679
535 236 2125,152500,403 185 0779,103600,"""2022-10-09T22:33:45""",702
535 236 2125,152500,944 253 9614,101700,"""2022-10-11T11:26:44""",61
912 151 6417,153200,572 492 0531,375,"""2022-10-11T18:09:28""",80
922 378 2113,145200,340 526 1169,992,"""2022-10-09T05:01:07""",56
309 278 7312,153800,583 376 2087,138000,"""2022-10-10T03:06:53""",8027
333 608 7609,104400,235 486 6657,121500,"""2022-10-10T07:42:53""",5125
988 549 0332,137800,852 479 0214,145300,"""2022-10-09T17:35:15""",10
429 696 1063,107800,830 472 6612,148300,"""2022-10-09T11:11:06""",521
567 738 6171,111000,458 583 6600,138100,"""2022-10-08T23:29:13""",6368
769 655 6957,57700,353 239 5732,154200,"""2022-10-09T11:21:51""",65
987 426 6549,111100,243 822 5374,158200,"""2022-10-09T16:36:53""",304
341 754 4951,126100,944 763 9900,147500,"""2022-10-11T16:53:38""",741
845 375 0146,154300,458 668 1366,156200,"""2022-10-09T06:52:39""",83
484 992 2742,131400,351 549 1664,122100,"""2022-10-10T05:40:50""",67
145 537 4786,137200,707 591 0139,141900,"""2022-10-10T03:23:00""",951
350 603 4248,154600,142 938 7548,1443,"""2022-10-09T23:13:55""",3999
707 591 0139,141900,432 859 7868,111400,"""2022-10-09T12:51:51""",338
849 121 7151,153900,341 754 4951,126100,"""2022-10-10T15:48:34""",615
309 568 4307,135600,429 696 1063,107800,"""2022-10-09T01:51:41""",4
605 983 4987,144900,371 406 6943,155900,"""2022-10-10T01:42:16""",94
448 722 3196,103000,613 187 9527,145100,"""2022-10-09T08:37:48""",909
616 848 4843,142200,988 549 0332,137800,"""2022-10-09T20:24:43""",74
508 138 5102,113300,994 450 8739,991,"""2022-10-09T19:37:42""",64
340 502 4551,144800,427 486 7299,100600,"""2022-10-09T02:19:18""",401
499 924 6835,142300,328 647 4259,152700,"""2022-10-11T18:49:55""",808
956 493 3108,130500,419 615 5527,112800,"""2022-10-10T23:20:07""",450
137 425 7638,135000,931 165 6241,106700,"""2022-10-09T13:40:36""",270
427 476 5151,152200,454 663 4856,158500,"""2022-10-11T05:22:11""",99
721 466 4544,146700,340 526 1169,992,"""2022-10-10T12:42:50""",873
811 910 6050,1090,761 907 5384,153400,"""2022-10-09T18:31:32""",14
636 968 6793,154800,912 151 6417,153200,"""2022-10-09T14:29:19""",4597
427 476 5151,152200,397 606 5190,132200,"""2022-10-10T14:53:18""",282
584 730 4690,113000,628 988 7034,134200,"""2022-10-09T15:51:58""",56
180 656 1198,116500,662 508 6576,120800,"""2022-10-10T01:01:58""",54
928 632 0245,117900,351 549 1664,122100,"""2022-10-11T04:12:40""",35
994 450 8739,991,975 987 2288,153600,"""2022-10-09T09:08:07""",771
572 492 0531,375,988 956 2782,114500,"""2022-10-11T11:05:42""",6670
613 187 9527,145100,244 180 1166,1022,"""2022-10-10T05:29:10""",5022
472 256 1898,114800,115 759 6402,134700,"""2022-10-09T09:03:57""",4873
686 504 9915,140200,515 658 6994,104200,"""2022-10-09T04:22:51""",743
351 975 7237,109700,697 644 1543,1023,"""2022-10-09T00:47:35""",804
987 426 6549,111100,392 779 4627,121600,"""2022-10-09T03:12:08""",44
755 616 2116,153700,689 810 6837,134600,"""2022-10-11T06:09:48""",91
891 547 9468,103300,921 311 6826,138600,"""2022-10-10T12:58:42""",74
845 375 0146,154300,309 568 4307,135600,"""2022-10-09T04:48:12""",1599
458 668 1366,156200,371 938 3078,139700,"""2022-10-09T08:27:11""",5147
469 925 5785,1083,416 554 0222,104500,"""2022-10-08T20:45:42""",397
478 392 7314,146600,845 375 0146,154300,"""2022-10-09T18:22:09""",0
487 482 0182,121800,469 925 5785,1083,"""2022-10-10T22:43:26""",279
811 910 6050,1090,115 759 6402,134700,"""2022-10-10T00:18:07""",2574
948 817 1771,154000,665 597 7452,139500,"""2022-10-11T12:41:57""",433
427 486 7299,100600,458 583 6600,138100,"""2022-10-09T20:08:36""",145
448 722 3196,103000,695 685 0049,113800,"""2022-10-10T23:15:02""",6938
337 317 0612,106900,187 742 2458,139800,"""2022-10-09T13:06:43""",509
243 822 5374,158200,894 745 5793,140300,"""2022-10-09T08:36:09""",3
599 216 8056,136400,761 907 5384,153400,"""2022-10-11T04:59:44""",13
810 929 0221,137300,499 924 6835,142300,"""2022-10-11T17:19:41""",188
221 749 2039,145700,689 657 2623,158100,"""2022-10-09T12:33:16""",72
673 928 8615,112900,614 998 9112,121200,"""2022-10-10T03:02:27""",1294
188 935 4810,152400,769 655 6957,57700,"""2022-10-11T10:59:30""",898
912 151 6417,153200,162 601 5562,137700,"""2022-10-10T09:54:55""",1656
665 597 7452,139500,749 212 3218,117700,"""2022-10-09T14:37:44""",6379
964 900 2535,114100,289 556 6023,146300,"""2022-10-09T19:21:14""",676
636 736 7722,151000,673 928 8615,112900,"""2022-10-11T06:09:45""",3759
988 956 2782,114500,912 582 4967,114900,"""2022-10-10T07:05:44""",4660
948 817 1771,154000,944 763 9900,147500,"""2022-10-11T09:41:01""",673
469 925 5785,1083,619 379 8869,124700,"""2022-10-11T17:44:43""",977
819 561 3254,99600,137 425 7638,135000,"""2022-10-09T14:24:34""",2148
499 924 6835,142300,383 318 3780,143000,"""2022-10-09T04:32:25""",771
337 317 0612,106900,339 298 2103,144000,"""2022-10-09T12:07:50""",2556
458 668 1366,156200,894 745 5793,140300,"""2022-10-11T13:26:06""",7664
508 892 0776,134800,616 848 4843,142200,"""2022-10-10T05:20:18""",21
243 809 5643,129100,769 424 5667,127900,"""2022-10-09T18:26:35""",25
431 708 0066,110500,614 998 9112,121200,"""2022-10-09T12:54:38""",61
964 900 2535,114100,921 311 6826,138600,"""2022-10-11T18:22:03""",27
819 561 3254,99600,765 498 5969,142900,"""2022-10-11T09:51:13""",89
619 749 2962,1024,427 476 5151,152200,"""2022-10-11T11:59:27""",935
392 779 4627,121600,895 227 9118,156300,"""2022-10-09T08:22:46""",6514
829 765 4110,139100,689 657 2623,158100,"""2022-10-10T01:24:43""",769
367 943 9511,145400,243 822 5374,158200,"""2022-10-11T05:59:54""",94
903 331 6972,122900,546 845 4355,122700,"""2022-10-11T13:08:57""",82
141 147 0461,152100,203 691 2424,155300,"""2022-10-10T02:36:49""",81
492 462 0370,53900,427 476 5151,152200,"""2022-10-09T10:45:28""",6215
628 443 0062,103500,973 138 2701,36500,"""2022-10-11T02:18:24""",2512
799 140 7507,59800,333 608 7609,104400,"""2022-10-09T00:33:09""",6546
743 896 2134,122000,988 956 2782,114500,"""2022-10-09T00:36:21""",93
695 685 0049,113800,944 253 9614,101700,"""2022-10-08T21:42:03""",86
641 993 1889,135700,416 554 0222,104500,"""2022-10-09T16:23:15""",968
478 392 7314,146600,769 655 6957,57700,"""2022-10-09T22:08:35""",95
414 886 7823,126800,975 987 2288,153600,"""2022-10-09T10:12:30""",412
397 606 5190,132200,333 117 2894,100400,"""2022-10-11T12:43:16""",433
330 741 5913,109600,652 822 0120,115900,"""2022-10-11T10:28:43""",902
340 526 1169,992,333 608 7609,104400,"""2022-10-11T10:42:59""",44
158 920 3452,108400,845 375 0146,154300,"""2022-10-10T10:17:15""",88
787 990 4034,1082,626 809 3107,143700,"""2022-10-10T10:06:06""",178
586 738 8946,133500,849 121 7151,153900,"""2022-10-10T02:44:08""",61
662 866 4042,119500,377 145 1943,122300,"""2022-10-10T17:35:52""",49
453 872 3223,115000,374 459 9976,100300,"""2022-10-11T11:19:51""",6
410 975 3311,112300,499 924 6835,142300,"""2022-10-11T00:41:42""",9307
975 987 2288,153600,454 663 4856,158500,"""2022-10-10T12:56:54""",57
141 147 0461,152100,368 695 1837,104300,"""2022-10-09T19:52:15""",5184
614 998 9112,121200,330 741 5913,109600,"""2022-10-10T09:28:59""",9111
449 522 0645,159500,341 754 4951,126100,"""2022-10-10T02:52:12""",8448
546 845 4355,122700,670 943 9357,54600,"""2022-10-09T06:43:59""",2284
673 928 8615,112900,284 307 7769,104100,"""2022-10-09T02:00:16""",2603
894 745 5793,140300,686 504 9915,140200,"""2022-10-09T23:30:40""",472
852 479 0214,145300,887 465 7729,128200,"""2022-10-10T16:44:45""",3995
449 522 0645,159500,711 261 3782,124300,"""2022-10-10T05:20:50""",873
429 495 0501,150900,711 261 3782,124300,"""2022-10-10T04:09:54""",4930
141 923 5324,144700,944 763 9900,147500,"""2022-10-10T08:49:22""",6939
586 738 8946,133500,830 472 6612,148300,"""2022-10-09T23:16:15""",55
367 943 9511,145400,730 911 5118,113200,"""2022-10-09T02:36:24""",7085
567 738 6171,111000,294 502 0096,119800,"""2022-10-11T09:55:30""",782
903 331 6972,122900,616 848 4843,142200,"""2022-10-10T23:40:32""",47
697 644 1543,1023,769 424 5667,127900,"""2022-10-09T20:30:37""",8695
410 975 3311,112300,235 486 6657,121500,"""2022-10-09T04:45:47""",758
572 492 0531,375,289 189 6507,143900,"""2022-10-11T04:14:37""",6896
673 928 8615,112900,258 162 0667,147800,"""2022-10-09T05:09:10""",95
141 147 0461,152100,448 722 3196,103000,"""2022-10-11T02:01:25""",817
289 189 6507,143900,367 943 9511,145400,"""2022-10-10T11:32:12""",66
891 547 9468,103300,440 958 4012,153300,"""2022-10-11T13:39:29""",8225
614 998 9112,121200,586 738 8946,133500,"""2022-10-09T00:26:22""",9
755 616 2116,153700,959 687 5723,138400,"""2022-10-09T03:34:22""",708
948 817 1771,154000,367 943 9511,145400,"""2022-10-11T14:56:48""",3995
137 425 7638,135000,895 227 9118,156300,"""2022-10-10T02:41:15""",511
499 924 6835,142300,188 935 4810,152400,"""2022-10-11T00:16:07""",246
689 657 2623,158100,922 378 2113,145200,"""2022-10-11T16:48:41""",7052
371 406 6943,155900,294 502 0096,119800,"""2022-10-11T06:27:08""",9889
508 138 5102,113300,903 331 6972,122900,"""2022-10-09T07:57:30""",194
985 645 2048,144400,811 910 6050,1090,"""2022-10-10T01:20:05""",70
371 244 1781,101100,115 759 6402,134700,"""2022-10-11T12:02:05""",417
852 479 0214,145300,981 723 2702,114300,"""2022-10-09T15:06:19""",5424
990 601 9335,149200,410 975 3311,112300,"""2022-10-10T22:33:31""",724
912 151 6417,153200,605 983 4987,144900,"""2022-10-11T19:32:35""",291
536 545 8125,1085,427 476 5151,152200,"""2022-10-11T16:58:13""",80
500 601 5450,131600,535 236 2125,152500,"""2022-10-10T02:01:34""",4273
983 527 1315,107700,427 476 5151,152200,"""2022-10-11T19:36:37""",96
825 357 7359,105600,188 935 4810,152400,"""2022-10-09T12:42:34""",45
750 156 0271,113500,985 645 2048,144400,"""2022-10-11T01:57:35""",729
761 907 5384,153400,340 502 4551,144800,"""2022-10-11T07:06:17""",698
294 502 0096,119800,142 938 7548,1443,"""2022-10-09T23:42:18""",28
787 990 4034,1082,852 479 0214,145300,"""2022-10-09T18:31:47""",425
453 872 3223,115000,393 804 1609,112700,"""2022-10-11T09:08:20""",156
894 745 5793,140300,628 988 7034,134200,"""2022-10-10T18:24:43""",37
341 754 4951,126100,267 714 9316,139900,"""2022-10-10T01:38:01""",9435
371 938 3078,139700,845 375 0146,154300,"""2022-10-10T11:58:58""",389
931 165 6241,106700,912 151 6417,153200,"""2022-10-08T22:41:54""",4
674 724 9571,155500,721 466 4544,146700,"""2022-10-10T02:13:37""",2706
141 147 0461,152100,414 886 7823,126800,"""2022-10-11T19:55:45""",70
662 866 4042,119500,289 556 6023,146300,"""2022-10-10T22:21:22""",7382
440 958 4012,153300,145 537 4786,137200,"""2022-10-10T14:14:00""",7008
636 736 7722,151000,487 482 0182,121800,"""2022-10-10T04:32:07""",691
328 647 4259,152700,947 157 7423,68700,"""2022-10-08T23:52:41""",96
619 379 8869,124700,115 759 6402,134700,"""2022-10-11T04:10:15""",40
408 899 7332,144500,990 601 9335,149200,"""2022-10-09T22:45:49""",5440
330 741 5913,109600,636 968 6793,154800,"""2022-10-09T23:23:22""",1392
636 736 7722,151000,452 862 8662,111200,"""2022-10-09T12:20:02""",921
944 253 9614,101700,353 239 5732,154200,"""2022-10-10T22:59:50""",803
673 928 8615,112900,907 420 5950,151900,"""2022-10-10T09:54:18""",482
721 466 4544,146700,973 138 2701,36500,"""2022-10-09T14:55:57""",7540
670 958 9908,144200,636 968 6793,154800,"""2022-10-11T04:56:17""",31
895 227 9118,156300,440 958 4012,153300,"""2022-10-09T02:26:11""",671
846 377 2854,142100,697 644 1543,1023,"""2022-10-09T17:49:50""",58
508 138 5102,113300,203 691 2424,155300,"""2022-10-09T06:08:02""",7406
162 601 5562,137700,508 892 0776,134800,"""2022-10-10T22:04:45""",591
535 236 2125,152500,891 547 9468,103300,"""2022-10-09T10:47:33""",235
891 547 9468,103300,359 749 1880,112100,"""2022-10-11T09:52:46""",69
761 907 5384,153400,891 547 9468,103300,"""2022-10-10T10:52:49""",76
403 185 0779,103600,619 379 8869,124700,"""2022-10-09T08:10:08""",384
203 691 2424,155300,922 378 2113,145200,"""2022-10-09T21:26:41""",17
289 470 3294,151200,410 972 4543,117600,"""2022-10-10T19:05:40""",933
328 647 4259,152700,452 862 8662,111200,"""2022-10-10T05:10:10""",476
994 450 8739,991,587 209 7330,136000,"""2022-10-08T23:51:29""",797
377 897 4657,156100,983 527 1315,107700,"""2022-10-10T19:29:15""",579
330 741 5913,109600,983 527 1315,107700,"""2022-10-09T04:30:15""",937
743 896 2134,122000,294 502 0096,119800,"""2022-10-10T08:09:17""",615
508 892 0776,134800,267 714 9316,139900,"""2022-10-10T15:10:12""",70
922 378 2113,145200,469 925 5785,1083,"""2022-10-09T19:40:15""",176
697 644 1543,1023,377 897 4657,156100,"""2022-10-10T00:48:22""",38
928 632 0245,117900,258 162 0667,147800,"""2022-10-10T15:46:11""",88
769 655 6957,57700,912 582 4967,114900,"""2022-10-10T19:54:58""",70
673 928 8615,112900,985 645 2048,144400,"""2022-10-10T05:35:27""",359
142 938 7548,1443,367 943 9511,145400,"""2022-10-10T13:27:25""",39
400 426 9070,101600,674 696 3001,139200,"""2022-10-11T18:12:32""",18
337 317 0612,106900,852 479 0214,145300,"""2022-10-11T01:03:58""",1
947 157 7423,68700,187 742 2458,139800,"""2022-10-09T00:10:57""",324
769 655 6957,57700,584 730 4690,113000,"""2022-10-10T06:14:07""",496
665 597 7452,139500,351 549 1664,122100,"""2022-10-09T13:03:23""",6765
956 493 3108,130500,626 809 3107,143700,"""2022-10-09T13:52:13""",625
697 644 1543,1023,583 376 2087,138000,"""2022-10-10T14:28:28""",42
383 318 3780,143000,440 958 4012,153300,"""2022-10-08T20:37:52""",50
294 502 0096,119800,721 466 4544,146700,"""2022-10-09T00:41:39""",67
403 185 0779,103600,453 872 3223,115000,"""2022-10-09T12:58:31""",31
636 968 6793,154800,973 138 2701,36500,"""2022-10-10T16:30:34""",188
743 896 2134,122000,212 846 6429,157900,"""2022-10-10T06:27:31""",3
374 459 9976,100300,492 462 0370,53900,"""2022-10-10T16:53:17""",359
341 275 6664,108700,452 706 2113,140900,"""2022-10-11T17:14:13""",752
467 815 3501,135100,857 550 0127,139300,"""2022-10-09T07:53:30""",97
429 495 0501,150900,187 742 2458,139800,"""2022-10-11T00:42:59""",53
613 187 9527,145100,508 892 0776,134800,"""2022-10-10T08:06:08""",97
994 450 8739,991,508 892 0776,134800,"""2022-10-10T06:10:44""",927
613 187 9527,145100,944 763 9900,147500,"""2022-10-11T12:40:54""",1
401 815 1335,140400,983 527 1315,107700,"""2022-10-11T02:22:19""",48
614 998 9112,121200,383 318 3780,143000,"""2022-10-11T19:29:59""",19
599 216 8056,136400,410 972 4543,117600,"""2022-10-10T12:32:02""",234
605 983 4987,144900,947 157 7423,68700,"""2022-10-10T10:46:36""",1626
351 549 1664,122100,478 392 7314,146600,"""2022-10-10T10:18:49""",8028
472 256 1898,114800,377 145 1943,122300,"""2022-10-09T09:44:35""",520
689 810 6837,134600,975 987 2288,153600,"""2022-10-11T10:13:20""",3492
626 809 3107,143700,162 601 5562,137700,"""2022-10-09T03:32:03""",68
294 502 0096,119800,472 256 1898,114800,"""2022-10-10T16:22:18""",1108
487 482 0182,121800,674 696 3001,139200,"""2022-10-08T21:40:53""",77
695 685 0049,113800,158 920 3452,108400,"""2022-10-09T20:04:03""",54
115 759 6402,134700,309 568 4307,135600,"""2022-10-09T22:21:56""",674
829 765 4110,139100,243 809 5643,129100,"""2022-10-10T22:53:24""",1883
964 900 2535,114100,605 983 4987,144900,"""2022-10-09T15:50:27""",83
408 899 7332,144500,340 502 4551,144800,"""2022-10-09T14:41:34""",789
810 929 0221,137300,987 426 6549,111100,"""2022-10-09T07:50:07""",555
959 687 5723,138400,392 779 4627,121600,"""2022-10-09T15:53:03""",64
689 657 2623,158100,922 378 2113,145200,"""2022-10-09T15:08:30""",522
947 157 7423,68700,944 253 9614,101700,"""2022-10-08T22:00:51""",91
645 950 3493,110900,472 256 1898,114800,"""2022-10-09T04:41:03""",6
267 714 9316,139900,567 738 6171,111000,"""2022-10-09T06:15:25""",77
587 209 7330,136000,948 817 1771,154000,"""2022-10-10T19:39:38""",12
359 749 1880,112100,231 375 3254,103400,"""2022-10-11T08:12:29""",729
289 849 1246,143800,695 685 0049,113800,"""2022-10-10T00:10:32""",4658
895 227 9118,156300,535 236 2125,152500,"""2022-10-11T00:57:27""",641
987 426 6549,111100,665 597 7452,139500,"""2022-10-10T16:00:09""",20
371 244 1781,101100,351 549 1664,122100,"""2022-10-10T16:14:36""",7007
959 687 5723,138400,400 426 9070,101600,"""2022-10-09T19:19:59""",1
341 754 4951,126100,765 498 5969,142900,"""2022-10-08T22:46:28""",3418
983 527 1315,107700,228 131 7672,117800,"""2022-10-09T16:33:37""",9
341 754 4951,126100,515 658 6994,104200,"""2022-10-09T04:54:47""",402
377 145 1943,122300,427 486 7299,100600,"""2022-10-10T03:50:34""",428
452 862 8662,111200,383 318 3780,143000,"""2022-10-10T02:34:43""",7445
755 616 2116,153700,811 910 6050,1090,"""2022-10-09T17:54:21""",38
546 845 4355,122700,845 375 0146,154300,"""2022-10-08T23:20:12""",811
891 547 9468,103300,499 924 6835,142300,"""2022-10-10T10:20:50""",361
599 216 8056,136400,616 848 4843,142200,"""2022-10-10T01:28:33""",757
749 212 3218,117700,947 157 7423,68700,"""2022-10-10T20:08:34""",50
330 741 5913,109600,645 950 3493,110900,"""2022-10-10T07:46:48""",973
487 482 0182,121800,948 817 1771,154000,"""2022-10-08T23:57:48""",259
484 992 2742,131400,931 165 6241,106700,"""2022-10-11T12:54:03""",8211
673 928 8615,112900,636 968 6793,154800,"""2022-10-09T15:56:03""",755
907 420 5950,151900,187 742 2458,139800,"""2022-10-10T22:41:13""",15
453 872 3223,115000,652 822 0120,115900,"""2022-10-09T05:52:45""",323
339 298 2103,144000,452 862 8662,111200,"""2022-10-10T08:23:41""",8
217 223 5097,104000,258 162 0667,147800,"""2022-10-11T02:05:35""",11
486 887 6531,143400,636 736 7722,151000,"""2022-10-11T05:17:26""",7229
988 956 2782,114500,454 663 4856,158500,"""2022-10-11T16:22:30""",6631
412 852 0201,139000,670 958 9908,144200,"""2022-10-11T12:31:20""",4022
947 157 7423,68700,895 227 9118,156300,"""2022-10-10T09:52:52""",707
628 988 7034,134200,431 708 0066,110500,"""2022-10-10T08:21:20""",987
755 616 2116,153700,410 975 3311,112300,"""2022-10-09T00:33:11""",2686
180 656 1198,116500,912 151 6417,153200,"""2022-10-09T05:49:49""",186
371 406 6943,155900,811 910 6050,1090,"""2022-10-09T22:59:28""",767
674 724 9571,155500,857 550 0127,139300,"""2022-10-09T08:03:11""",715
912 582 4967,114900,921 311 6826,138600,"""2022-10-09T10:17:39""",649
535 236 2125,152500,203 691 2424,155300,"""2022-10-11T16:07:24""",994
628 988 7034,134200,440 958 4012,153300,"""2022-10-09T21:29:04""",2804
614 998 9112,121200,887 465 7729,128200,"""2022-10-10T10:58:51""",729
761 907 5384,153400,452 706 2113,140900,"""2022-10-10T21:41:16""",455
368 695 1837,104300,536 545 8125,1085,"""2022-10-11T14:06:42""",985
458 583 6600,138100,454 663 4856,158500,"""2022-10-10T22:37:41""",3566
452 862 8662,111200,605 983 4987,144900,"""2022-10-10T22:44:43""",853
371 938 3078,139700,188 935 4810,152400,"""2022-10-09T03:12:57""",826
811 910 6050,1090,162 601 5562,137700,"""2022-10-11T16:29:49""",226
158 920 3452,108400,964 900 2535,114100,"""2022-10-11T09:28:06""",62
330 741 5913,109600,383 318 3780,143000,"""2022-10-11T06:39:16""",34
339 298 2103,144000,431 708 0066,110500,"""2022-10-11T05:18:30""",81
535 236 2125,152500,141 147 0461,152100,"""2022-10-11T03:30:36""",2740
449 522 0645,159500,546 845 4355,122700,"""2022-10-10T19:25:24""",230
546 845 4355,122700,351 549 1664,122100,"""2022-10-08T23:12:43""",20
678 219 3311,156000,779 291 4846,148400,"""2022-10-09T19:49:15""",1263
145 537 4786,137200,258 162 0667,147800,"""2022-10-10T11:15:29""",68
112 326 4108,101800,628 988 7034,134200,"""2022-10-10T00:03:05""",11
508 138 5102,113300,670 943 9357,54600,"""2022-10-11T00:47:29""",439
472 256 1898,114800,572 492 0531,375,"""2022-10-10T08:27:03""",3811
309 568 4307,135600,440 958 4012,153300,"""2022-10-10T18:34:28""",510
145 537 4786,137200,674 696 3001,139200,"""2022-10-09T21:18:53""",62
721 466 4544,146700,142 938 7548,1443,"""2022-10-10T12:00:46""",7927
895 227 9118,156300,546 845 4355,122700,"""2022-10-11T03:37:08""",6188
988 956 2782,114500,448 722 3196,103000,"""2022-10-11T16:02:49""",802
341 275 6664,108700,830 472 6612,148300,"""2022-10-10T09:00:08""",80
619 749 2962,1024,975 987 2288,153600,"""2022-10-09T23:39:06""",7511
258 162 0667,147800,244 180 1166,1022,"""2022-10-11T06:25:12""",5895
586 738 8946,133500,912 582 4967,114900,"""2022-10-11T03:51:09""",10
294 502 0096,119800,486 887 6531,143400,"""2022-10-10T17:29:56""",5360
674 696 3001,139200,374 459 9976,100300,"""2022-10-10T14:40:38""",92
922 378 2113,145200,484 992 2742,131400,"""2022-10-11T19:10:48""",7945
330 741 5913,109600,337 317 0612,106900,"""2022-10-11T13:06:52""",8277
769 655 6957,57700,912 151 6417,153200,"""2022-10-09T06:17:19""",293
662 508 6576,120800,697 644 1543,1023,"""2022-10-09T16:50:53""",65
912 151 6417,153200,761 907 5384,153400,"""2022-10-11T16:37:27""",383
414 886 7823,126800,499 924 6835,142300,"""2022-10-10T17:50:32""",40
371 938 3078,139700,670 958 9908,144200,"""2022-10-11T00:39:26""",43
410 975 3311,112300,403 185 0779,103600,"""2022-10-11T01:52:09""",86
628 443 0062,103500,397 606 5190,132200,"""2022-10-09T09:21:51""",40
458 583 6600,138100,371 244 1781,101100,"""2022-10-11T15:15:09""",21
738 926 7301,141500,787 990 4034,1082,"""2022-10-09T04:36:38""",426
673 928 8615,112900,449 522 0645,159500,"""2022-10-09T00:03:12""",535
443 634 1592,1039,452 706 2113,140900,"""2022-10-11T00:59:48""",978
289 470 3294,151200,448 722 3196,103000,"""2022-10-11T16:26:46""",9
964 900 2535,114100,212 846 6429,157900,"""2022-10-09T01:52:41""",6290
652 822 0120,115900,309 278 7312,153800,"""2022-10-11T02:30:59""",20
188 935 4810,152400,351 975 7237,109700,"""2022-10-10T02:55:40""",7083
309 278 7312,153800,894 745 5793,140300,"""2022-10-11T08:53:46""",387
931 165 6241,106700,750 156 0271,113500,"""2022-10-10T18:34:33""",4
743 896 2134,122000,981 723 2702,114300,"""2022-10-10T16:17:52""",50
289 556 6023,146300,339 298 2103,144000,"""2022-10-11T20:13:13""",87
449 522 0645,159500,383 318 3780,143000,"""2022-10-11T13:10:45""",81
188 935 4810,152400,115 759 6402,134700,"""2022-10-10T15:32:59""",417
371 938 3078,139700,769 655 6957,57700,"""2022-10-09T19:05:16""",50
743 896 2134,122000,567 738 6171,111000,"""2022-10-09T21:18:04""",81
484 992 2742,131400,743 896 2134,122000,"""2022-10-09T13:26:13""",42
328 146 4913,145500,975 987 2288,153600,"""2022-10-10T12:04:20""",4
416 554 0222,104500,452 706 2113,140900,"""2022-10-11T04:03:14""",482
670 958 9908,144200,137 425 7638,135000,"""2022-10-09T16:41:05""",816
180 656 1198,116500,662 866 4042,119500,"""2022-10-10T06:04:19""",21
341 754 4951,126100,652 822 0120,115900,"""2022-10-09T01:53:22""",43
587 209 7330,136000,458 668 1366,156200,"""2022-10-11T00:57:26""",628
987 426 6549,111100,903 331 6972,122900,"""2022-10-10T00:47:40""",725
689 810 6837,134600,486 887 6531,143400,"""2022-10-08T22:18:04""",2566
645 950 3493,110900,903 331 6972,122900,"""2022-10-10T17:04:14""",7243
294 502 0096,119800,309 568 4307,135600,"""2022-10-10T19:14:24""",229
469 925 5785,1083,453 872 3223,115000,"""2022-10-10T14:59:09""",8982
440 958 4012,153300,452 862 8662,111200,"""2022-10-11T09:34:17""",325
912 151 6417,153200,947 157 7423,68700,"""2022-10-09T13:39:33""",1564
443 634 1592,1039,115 759 6402,134700,"""2022-10-10T06:37:56""",899
689 810 6837,134600,707 591 0139,141900,"""2022-10-09T08:38:32""",7856
429 696 1063,107800,400 426 9070,101600,"""2022-10-09T08:48:53""",683
711 261 3782,124300,761 907 5384,153400,"""2022-10-11T14:31:05""",86
707 591 0139,141900,449 522 0645,159500,"""2022-10-09T00:34:28""",13
487 482 0182,121800,921 311 6826,138600,"""2022-10-11T13:13:00""",5379
912 151 6417,153200,432 859 7868,111400,"""2022-10-11T18:15:43""",11
985 645 2048,144400,452 862 8662,111200,"""2022-10-11T16:22:50""",491
738 926 7301,141500,670 943 9357,54600,"""2022-10-08T22:06:34""",3917
749 212 3218,117700,431 708 0066,110500,"""2022-10-11T12:20:33""",306
721 466 4544,146700,115 759 6402,134700,"""2022-10-11T08:47:34""",46
922 378 2113,145200,340 526 1169,992,"""2022-10-09T10:50:14""",256
985 645 2048,144400,243 822 5374,158200,"""2022-10-09T19:55:55""",89
454 663 4856,158500,258 162 0667,147800,"""2022-10-10T19:41:07""",7627
988 549 0332,137800,243 809 5643,129100,"""2022-10-09T19:47:14""",4348
188 935 4810,152400,894 745 5793,140300,"""2022-10-10T04:59:00""",1982
768 834 3951,130600,453 872 3223,115000,"""2022-10-09T17:47:52""",937
799 140 7507,59800,400 426 9070,101600,"""2022-10-11T14:28:50""",666
453 872 3223,115000,508 892 0776,134800,"""2022-10-09T08:38:12""",18
162 601 5562,137700,392 779 4627,121600,"""2022-10-11T08:34:56""",93
973 138 2701,36500,921 311 6826,138600,"""2022-10-10T07:01:32""",50
787 976 3193,144100,410 972 4543,117600,"""2022-10-11T04:58:19""",190
412 852 0201,139000,707 591 0139,141900,"""2022-10-10T05:32:59""",7153
749 212 3218,117700,636 968 6793,154800,"""2022-10-09T03:38:59""",74
616 848 4843,142200,427 486 7299,100600,"""2022-10-10T11:46:29""",380
787 990 4034,1082,738 926 7301,141500,"""2022-10-10T19:13:38""",34
981 723 2702,114300,963 871 7080,101000,"""2022-10-08T20:35:08""",896
811 910 6050,1090,141 923 5324,144700,"""2022-10-10T02:37:53""",85
432 859 7868,111400,431 708 0066,110500,"""2022-10-10T10:56:42""",95
779 291 4846,148400,486 887 6531,143400,"""2022-10-08T21:11:33""",85
486 887 6531,143400,162 601 5562,137700,"""2022-10-11T08:35:44""",891
500 601 5450,131600,849 121 7151,153900,"""2022-10-10T19:14:52""",52
515 658 6994,104200,616 848 4843,142200,"""2022-10-09T17:51:00""",2178
469 925 5785,1083,225 845 6876,107400,"""2022-10-09T13:06:59""",8555
988 956 2782,114500,137 425 7638,135000,"""2022-10-08T21:46:48""",9807
412 852 0201,139000,769 424 5667,127900,"""2022-10-11T08:11:53""",245
922 378 2113,145200,500 601 5450,131600,"""2022-10-11T05:48:48""",92
674 696 3001,139200,142 938 7548,1443,"""2022-10-11T12:21:25""",16
486 887 6531,143400,674 696 3001,139200,"""2022-10-11T19:43:03""",14
963 871 7080,101000,374 459 9976,100300,"""2022-10-11T12:15:43""",2915
891 547 9468,103300,944 253 9614,101700,"""2022-10-10T01:45:47""",4326
956 493 3108,130500,410 975 3311,112300,"""2022-10-09T11:28:30""",2984
662 866 4042,119500,891 547 9468,103300,"""2022-10-11T14:37:25""",365
188 935 4810,152400,339 298 2103,144000,"""2022-10-09T22:24:20""",70
711 261 3782,124300,414 886 7823,126800,"""2022-10-09T11:00:06""",30
440 958 4012,153300,535 236 2125,152500,"""2022-10-11T11:24:25""",370
959 687 5723,138400,964 900 2535,114100,"""2022-10-09T04:08:33""",284
894 745 5793,140300,912 582 4967,114900,"""2022-10-09T14:41:56""",47
779 291 4846,148400,225 845 6876,107400,"""2022-10-09T04:08:00""",577
891 547 9468,103300,158 920 3452,108400,"""2022-10-09T18:18:34""",32
857 550 0127,139300,427 476 5151,152200,"""2022-10-11T18:14:52""",3702